{
  "id": "1298443",
  "name": "SDL",
  "font_family": "iconfont",
  "css_prefix_text": "icon-",
  "description": "",
  "glyphs": [
    {
      "icon_id": "28102159",
      "name": "废气-停运",
      "font_class": "feiqi-tingyun",
      "unicode": "e616",
      "unicode_decimal": 58902
    },
    {
      "icon_id": "28102075",
      "name": "废水-停运",
      "font_class": "feishui-tingyun",
      "unicode": "e615",
      "unicode_decimal": 58901
    },
    {
      "icon_id": "4812584",
      "name": "河流",
      "font_class": "heliu1",
      "unicode": "e74c",
      "unicode_decimal": 59212
    },
    {
      "icon_id": "22697598",
      "name": "恶臭监测",
      "font_class": "echoujiance",
      "unicode": "e61a",
      "unicode_decimal": 58906
    },
    {
      "icon_id": "2273093",
      "name": "日常生活-水站",
      "font_class": "richangshenghuo-shuizhan",
      "unicode": "e63e",
      "unicode_decimal": 58942
    },
    {
      "icon_id": "19848113",
      "name": "企业",
      "font_class": "qiye",
      "unicode": "e71e",
      "unicode_decimal": 59166
    },
    {
      "icon_id": "22269030",
      "name": "全部",
      "font_class": "quanbu",
      "unicode": "e6db",
      "unicode_decimal": 59099
    },
    {
      "icon_id": "9603527",
      "name": "工厂",
      "font_class": "gongchang",
      "unicode": "e60e",
      "unicode_decimal": 58894
    },
    {
      "icon_id": "10232116",
      "name": "扬尘",
      "font_class": "yangchen",
      "unicode": "e65d",
      "unicode_decimal": 58973
    },
    {
      "icon_id": "12177213",
      "name": "仓库",
      "font_class": "cangku1",
      "unicode": "e7bd",
      "unicode_decimal": 59325
    },
    {
      "icon_id": "13064462",
      "name": "烟气",
      "font_class": "yanqi1",
      "unicode": "e930",
      "unicode_decimal": 59696
    },
    {
      "icon_id": "13527089",
      "name": "废水排口",
      "font_class": "hqsa0101",
      "unicode": "e613",
      "unicode_decimal": 58899
    },
    {
      "icon_id": "15190181",
      "name": "设施",
      "font_class": "sheshi",
      "unicode": "e614",
      "unicode_decimal": 58900
    },
    {
      "icon_id": "20618099",
      "name": "视频",
      "font_class": "shipin1",
      "unicode": "e678",
      "unicode_decimal": 59000
    },
    {
      "icon_id": "7926826",
      "name": "标绘",
      "font_class": "biaohui",
      "unicode": "e6a9",
      "unicode_decimal": 59049
    },
    {
      "icon_id": "11674031",
      "name": "清除",
      "font_class": "qingchu",
      "unicode": "e67c",
      "unicode_decimal": 59004
    },
    {
      "icon_id": "14666484",
      "name": "标绘",
      "font_class": "biaohui1",
      "unicode": "e726",
      "unicode_decimal": 59174
    },
    {
      "icon_id": "10194649",
      "name": "恶臭",
      "font_class": "echouqitijiancezhan",
      "unicode": "e64a",
      "unicode_decimal": 58954
    },
    {
      "icon_id": "3401997",
      "name": "亚军",
      "font_class": "yajun",
      "unicode": "e6b0",
      "unicode_decimal": 59056
    },
    {
      "icon_id": "3402022",
      "name": "冠军",
      "font_class": "guanjun",
      "unicode": "e6b1",
      "unicode_decimal": 59057
    },
    {
      "icon_id": "3402049",
      "name": "季军",
      "font_class": "jijun",
      "unicode": "e6b2",
      "unicode_decimal": 59058
    },
    {
      "icon_id": "552749",
      "name": "钢铁行业",
      "font_class": "gangtiexingye",
      "unicode": "e619",
      "unicode_decimal": 58905
    },
    {
      "icon_id": "552774",
      "name": "水泥行业",
      "font_class": "shuinixingye",
      "unicode": "e632",
      "unicode_decimal": 58930
    },
    {
      "icon_id": "688252",
      "name": "基础化工",
      "font_class": "jichuhuagong",
      "unicode": "e629",
      "unicode_decimal": 58921
    },
    {
      "icon_id": "9759534",
      "name": "电力",
      "font_class": "dianli",
      "unicode": "e649",
      "unicode_decimal": 58953
    },
    {
      "icon_id": "14095324",
      "name": "电力行业",
      "font_class": "dianlihangye",
      "unicode": "e791",
      "unicode_decimal": 59281
    },
    {
      "icon_id": "14349679",
      "name": "menu_行政区划管理",
      "font_class": "region",
      "unicode": "e74e",
      "unicode_decimal": 59214
    },
    {
      "icon_id": "8765261",
      "name": "pdf",
      "font_class": "pdf",
      "unicode": "e63f",
      "unicode_decimal": 58943
    },
    {
      "icon_id": "14151852",
      "name": "上传",
      "font_class": "shangchuan",
      "unicode": "e634",
      "unicode_decimal": 58932
    },
    {
      "icon_id": "3051209",
      "name": "身份证正面",
      "font_class": "shenfenzhengzhengmian",
      "unicode": "e60c",
      "unicode_decimal": 58892
    },
    {
      "icon_id": "15090547",
      "name": "地图",
      "font_class": "ditu",
      "unicode": "edee",
      "unicode_decimal": 60910
    },
    {
      "icon_id": "15090578",
      "name": "仓库",
      "font_class": "cangku",
      "unicode": "edef",
      "unicode_decimal": 60911
    },
    {
      "icon_id": "7116472",
      "name": "地图-地标",
      "font_class": "ditu-dibiao",
      "unicode": "e60b",
      "unicode_decimal": 58891
    },
    {
      "icon_id": "3640198",
      "name": "停止上报",
      "font_class": "tingzhishangbao",
      "unicode": "e612",
      "unicode_decimal": 58898
    },
    {
      "icon_id": "9924795",
      "name": "停用",
      "font_class": "tingyong",
      "unicode": "e610",
      "unicode_decimal": 58896
    },
    {
      "icon_id": "10139424",
      "name": "停用",
      "font_class": "tingyong1",
      "unicode": "e603",
      "unicode_decimal": 58883
    },
    {
      "icon_id": "9058453",
      "name": "无效",
      "font_class": "wuxiao",
      "unicode": "e788",
      "unicode_decimal": 59272
    },
    {
      "icon_id": "9500203",
      "name": "不合格",
      "font_class": "buhege",
      "unicode": "e693",
      "unicode_decimal": 59027
    },
    {
      "icon_id": "9726846",
      "name": "合格",
      "font_class": "hege",
      "unicode": "e60a",
      "unicode_decimal": 58890
    },
    {
      "icon_id": "9821267",
      "name": "空气站点",
      "font_class": "kongqizhandian",
      "unicode": "e66b",
      "unicode_decimal": 58987
    },
    {
      "icon_id": "1009582",
      "name": "塔吊bj",
      "font_class": "tadiaobj",
      "unicode": "e60f",
      "unicode_decimal": 58895
    },
    {
      "icon_id": "7630574",
      "name": "河流",
      "font_class": "heliu",
      "unicode": "e67d",
      "unicode_decimal": 59005
    },
    {
      "icon_id": "4541094",
      "name": "电",
      "font_class": "dian2",
      "unicode": "e607",
      "unicode_decimal": 58887
    },
    {
      "icon_id": "10144449",
      "name": "房屋",
      "font_class": "fangwu",
      "unicode": "e606",
      "unicode_decimal": 58886
    },
    {
      "icon_id": "11769161",
      "name": "扬尘",
      "font_class": "yangchen1",
      "unicode": "e9b6",
      "unicode_decimal": 59830
    },
    {
      "icon_id": "7662968",
      "name": "电量2",
      "font_class": "dianliang1",
      "unicode": "e69f",
      "unicode_decimal": 59039
    },
    {
      "icon_id": "7662970",
      "name": "电量3",
      "font_class": "dianliang2",
      "unicode": "e6a0",
      "unicode_decimal": 59040
    },
    {
      "icon_id": "7662971",
      "name": "电量4",
      "font_class": "dianliang3",
      "unicode": "e6a1",
      "unicode_decimal": 59041
    },
    {
      "icon_id": "7662958",
      "name": "电量1",
      "font_class": "dianliang",
      "unicode": "e69e",
      "unicode_decimal": 59038
    },
    {
      "icon_id": "4448644",
      "name": "仪器仪表",
      "font_class": "yiqiyibiao",
      "unicode": "e60d",
      "unicode_decimal": 58893
    },
    {
      "icon_id": "5387588",
      "name": "箭头_向下",
      "font_class": "jiantou_xiangxia1",
      "unicode": "eb0e",
      "unicode_decimal": 60174
    },
    {
      "icon_id": "5387589",
      "name": "箭头_向上",
      "font_class": "jiantou_xiangshang1",
      "unicode": "eb0a",
      "unicode_decimal": 60170
    },
    {
      "icon_id": "4247218",
      "name": "企业",
      "font_class": "qiye2",
      "unicode": "e602",
      "unicode_decimal": 58882
    },
    {
      "icon_id": "11030006",
      "name": "工厂",
      "font_class": "gas-abnormal",
      "unicode": "edeb",
      "unicode_decimal": 60907
    },
    {
      "icon_id": "11030009",
      "name": "工厂",
      "font_class": "gas",
      "unicode": "edec",
      "unicode_decimal": 60908
    },
    {
      "icon_id": "11030025",
      "name": "工厂",
      "font_class": "gas-offline",
      "unicode": "eded",
      "unicode_decimal": 60909
    },
    {
      "icon_id": "11029871",
      "name": "工厂",
      "font_class": "gas-normal",
      "unicode": "ede9",
      "unicode_decimal": 60905
    },
    {
      "icon_id": "11029959",
      "name": "工厂",
      "font_class": "gas-exceed",
      "unicode": "edea",
      "unicode_decimal": 60906
    },
    {
      "icon_id": "10907177",
      "name": "污水处理厂_f56c6c",
      "font_class": "water-normal",
      "unicode": "ede5",
      "unicode_decimal": 60901
    },
    {
      "icon_id": "10907183",
      "name": "污水处理厂_f56c6c",
      "font_class": "water-exceed",
      "unicode": "ede6",
      "unicode_decimal": 60902
    },
    {
      "icon_id": "10696021",
      "name": "污水处理厂_f56c6c",
      "font_class": "water-offline",
      "unicode": "e73b",
      "unicode_decimal": 59195
    },
    {
      "icon_id": "10908440",
      "name": "污水处理厂_f56c6c",
      "font_class": "water",
      "unicode": "ede8",
      "unicode_decimal": 60904
    },
    {
      "icon_id": "10907975",
      "name": "污水处理厂_f56c6c",
      "font_class": "water-abnormal",
      "unicode": "ede7",
      "unicode_decimal": 60903
    },
    {
      "icon_id": "7159631",
      "name": "审批 (1)",
      "font_class": "shenpi",
      "unicode": "e605",
      "unicode_decimal": 58885
    },
    {
      "icon_id": "7250790",
      "name": "单子",
      "font_class": "danzi",
      "unicode": "e65a",
      "unicode_decimal": 58970
    },
    {
      "icon_id": "3370249",
      "name": "男",
      "font_class": "nan",
      "unicode": "e609",
      "unicode_decimal": 58889
    },
    {
      "icon_id": "3370301",
      "name": "女",
      "font_class": "nv",
      "unicode": "e611",
      "unicode_decimal": 58897
    },
    {
      "icon_id": "5577072",
      "name": "异常记录",
      "font_class": "yichangjilu",
      "unicode": "e61d",
      "unicode_decimal": 58909
    },
    {
      "icon_id": "2500507",
      "name": "铃铛",
      "font_class": "lingdang",
      "unicode": "e72b",
      "unicode_decimal": 59179
    },
    {
      "icon_id": "3630177",
      "name": "节点",
      "font_class": "jiedian1",
      "unicode": "e601",
      "unicode_decimal": 58881
    },
    {
      "icon_id": "4793937",
      "name": "节点",
      "font_class": "jiedian",
      "unicode": "e64c",
      "unicode_decimal": 58956
    },
    {
      "icon_id": "7293237",
      "name": "VOC源管理",
      "font_class": "ziyuan",
      "unicode": "e630",
      "unicode_decimal": 58928
    },
    {
      "icon_id": "689325",
      "name": "圆点中",
      "font_class": "yuandianzhong",
      "unicode": "e830",
      "unicode_decimal": 59440
    },
    {
      "icon_id": "681204",
      "name": "圆点小",
      "font_class": "yuandianxiao",
      "unicode": "e757",
      "unicode_decimal": 59223
    },
    {
      "icon_id": "5387583",
      "name": "箭头_向右",
      "font_class": "jiantou_xiangyou",
      "unicode": "eb08",
      "unicode_decimal": 60168
    },
    {
      "icon_id": "5387593",
      "name": "箭头_右上",
      "font_class": "jiantou_youshang",
      "unicode": "eb0b",
      "unicode_decimal": 60171
    },
    {
      "icon_id": "5387594",
      "name": "箭头_左上",
      "font_class": "jiantou_zuoshang",
      "unicode": "eb0d",
      "unicode_decimal": 60173
    },
    {
      "icon_id": "6011078",
      "name": "箭头_向上",
      "font_class": "jiantou_xiangxia",
      "unicode": "e600",
      "unicode_decimal": 58880
    },
    {
      "icon_id": "7170571",
      "name": "自动",
      "font_class": "zidong",
      "unicode": "e68f",
      "unicode_decimal": 59023
    },
    {
      "icon_id": "8097673",
      "name": "箭头_向上",
      "font_class": "jiantou_xiangshang",
      "unicode": "e621",
      "unicode_decimal": 58913
    },
    {
      "icon_id": "8367854",
      "name": "箭头_向左",
      "font_class": "jiantou_xiangzuo",
      "unicode": "e604",
      "unicode_decimal": 58884
    },
    {
      "icon_id": "5387600",
      "name": "箭头_左下",
      "font_class": "jiantou_zuoxia",
      "unicode": "eb0f",
      "unicode_decimal": 60175
    },
    {
      "icon_id": "5387595",
      "name": "箭头_右下",
      "font_class": "jiantou_youxia",
      "unicode": "eb0c",
      "unicode_decimal": 60172
    },
    {
      "icon_id": "4057279",
      "name": "监测点管理",
      "font_class": "jiancedianguanli",
      "unicode": "e608",
      "unicode_decimal": 58888
    }
  ]
}
